City/Town,Report Date,Total Case Count,Total Case Rate,,,
Abington,05/06/2020,177,985,,,
Acton,05/06/2020,95,400,,,
Acushnet,05/06/2020,47,450,,,
Adams,05/06/2020,32,386,,,
Agawam,05/06/2020,333,"1,164",,,
Alford,05/06/2020,0,0,,,
Amesbury,05/06/2020,156,937,,,
Amherst,05/06/2020,60,148,,,
Andover,05/06/2020,210,583,,,
Aquinnah,05/06/2020,0,0,,,
Arlington,05/06/2020,248,541,,,
Ashburnham,05/06/2020,17,271,,,
Ashby,05/06/2020,8,231,,,
Ashfield,05/06/2020,<5,*,,,
Ashland,05/06/2020,145,744,,,
Athol,05/06/2020,41,343,,,
Attleboro,05/06/2020,480,"1,037",,,
Auburn,05/06/2020,152,922,,,
Avon,05/06/2020,56,"1,278",,,
Ayer,05/06/2020,45,557,,,
Barnstable,05/06/2020,238,531,,,
Barre,05/06/2020,42,756,,,
Becket,05/06/2020,11,611,,,
Bedford,05/06/2020,190,"1,275",,,
Belchertown,05/06/2020,69,433,,,
Bellingham,05/06/2020,96,537,,,
Belmont,05/06/2020,182,667,,,
Berkley,05/06/2020,41,605,,,
Berlin,05/06/2020,14,438,,,
Bernardston,05/06/2020,6,287,,,
Beverly,05/06/2020,440,"1,069",,,
Billerica,05/06/2020,401,920,,,
Blackstone,05/06/2020,29,321,,,
Blandford,05/06/2020,0,0,,,
Bolton,05/06/2020,10,198,,,
Boston,05/06/2020,"10,729","1,544",,,
Bourne,05/06/2020,124,593,,,
Boxborough,05/06/2020,19,372,,,
Boxford,05/06/2020,30,389,,,
Boylston,05/06/2020,13,290,,,
Braintree,05/06/2020,668,"1,697",,,
Brewster,05/06/2020,91,918,,,
Bridgewater,05/06/2020,287,"1,009",,,
Brimfield,05/06/2020,<5,*,,,
Brockton,05/06/2020,"3,179","3,236",,,
Brookfield,05/06/2020,8,218,,,
Brookline,05/06/2020,308,478,,,
Buckland,05/06/2020,7,376,,,
Burlington,05/06/2020,201,727,,,
Cambridge,05/06/2020,826,732,,,
Canton,05/06/2020,239,"1,036",,,
Carlisle,05/06/2020,9,189,,,
Carver,05/06/2020,38,312,,,
Charlemont,05/06/2020,0,0,,,
Charlton,05/06/2020,45,320,,,
Chatham,05/06/2020,10,171,,,
Chelmsford,05/06/2020,283,787,,,
Chelsea,05/06/2020,"2,244","5,958",,,
Cheshire,05/06/2020,<5,*,,,
Chester,05/06/2020,5,368,,,
Chesterfield,05/06/2020,<5,*,,,
Chicopee,05/06/2020,288,505,,,
Chilmark,05/06/2020,<5,*,,,
Clarksburg,05/06/2020,7,416,,,
Clinton,05/06/2020,135,959,,,
Cohasset,05/06/2020,20,270,,,
Colrain,05/06/2020,<5,*,,,
Concord,05/06/2020,133,710,,,
Conway,05/06/2020,<5,*,,,
Cummington,05/06/2020,<5,*,,,
Dalton,05/06/2020,7,107,,,
Danvers,05/06/2020,539,"1,888",,,
Dartmouth,05/06/2020,205,557,,,
Dedham,05/06/2020,290,"1,069",,,
Deerfield,05/06/2020,6,113,,,
Dennis,05/06/2020,54,408,,,
Dighton,05/06/2020,44,561,,,
Douglas,05/06/2020,29,309,,,
Dover,05/06/2020,14,269,,,
Dracut,05/06/2020,349,"1,080",,,
Dudley,05/06/2020,57,460,,,
Dunstable,05/06/2020,7,210,,,
Duxbury,05/06/2020,53,350,,,
East Bridgewater,05/06/2020,148,"1,003",,,
East Brookfield,05/06/2020,6,268,,,
East Longmeadow,05/06/2020,200,"1,182",,,
Eastham,05/06/2020,10,215,,,
Easthampton,05/06/2020,55,339,,,
Easton,05/06/2020,213,899,,,
Edgartown,05/06/2020,6,146,,,
Egremont,05/06/2020,5,456,,,
Erving,05/06/2020,5,239,,,
Essex,05/06/2020,17,457,,,
Everett,05/06/2020,"1,212","2,497",,,
Fairhaven,05/06/2020,136,848,,,
Fall River,05/06/2020,652,729,,,
Falmouth,05/06/2020,136,435,,,
Fitchburg,05/06/2020,320,759,,,
Florida,05/06/2020,<5,*,,,
Foxborough,05/06/2020,89,491,,,
Framingham,05/06/2020,"1,159","1,556",,,
Franklin,05/06/2020,98,290,,,
Freetown,05/06/2020,68,752,,,
Gardner,05/06/2020,116,580,,,
Georgetown,05/06/2020,35,392,,,
Gill,05/06/2020,<5,*,,,
Gloucester,05/06/2020,188,657,,,
Goshen,05/06/2020,<5,*,,,
Gosnold,05/06/2020,0,0,,,
Grafton,05/06/2020,63,316,,,
Granby,05/06/2020,18,293,,,
Granville,05/06/2020,8,514,,,
Great Barrington,05/06/2020,49,721,,,
Greenfield,05/06/2020,174,"1,002",,,
Groton,05/06/2020,29,249,,,
Groveland,05/06/2020,20,293,,,
Hadley,05/06/2020,33,574,,,
Halifax,05/06/2020,29,380,,,
Hamilton,05/06/2020,22,294,,,
Hampden,05/06/2020,17,344,,,
Hancock,05/06/2020,<5,*,,,
Hanover,05/06/2020,53,370,,,
Hanson,05/06/2020,73,682,,,
Hardwick,05/06/2020,7,211,,,
Harvard,05/06/2020,15,217,,,
Harwich,05/06/2020,96,764,,,
Hatfield,05/06/2020,9,277,,,
Haverhill,05/06/2020,833,"1,265",,,
Hawley,05/06/2020,0,0,,,
Heath,05/06/2020,0,0,,,
Hingham,05/06/2020,186,782,,,
Hinsdale,05/06/2020,<5,*,,,
Holbrook,05/06/2020,153,"1,355",,,
Holden,05/06/2020,70,371,,,
Holland,05/06/2020,6,234,,,
Holliston,05/06/2020,44,319,,,
Holyoke,05/06/2020,678,"1,645",,,
Hopedale,05/06/2020,22,387,,,
Hopkinton,05/06/2020,104,637,,,
Hubbardston,05/06/2020,5,107,,,
Hudson,05/06/2020,125,597,,,
Hull,05/06/2020,35,354,,,
Huntington,05/06/2020,12,543,,,
Ipswich,05/06/2020,52,387,,,
Kingston,05/06/2020,97,715,,,
Lakeville,05/06/2020,48,425,,,
Lancaster,05/06/2020,62,724,,,
Lanesborough,05/06/2020,6,197,,,
Lawrence,05/06/2020,"1,975","2,240",,,
Lee,05/06/2020,16,272,,,
Leicester,05/06/2020,106,941,,,
Lenox,05/06/2020,12,246,,,
Leominster,05/06/2020,294,724,,,
Leverett,05/06/2020,<5,*,,,
Lexington,05/06/2020,278,817,,,
Leyden,05/06/2020,0,0,,,
Lincoln,05/06/2020,29,335,,,
Littleton,05/06/2020,89,916,,,
Longmeadow,05/06/2020,189,"1,219",,,
Lowell,05/06/2020,"2,002","1,713",,,
Ludlow,05/06/2020,79,379,,,
Lunenburg,05/06/2020,42,404,,,
Lynn,05/06/2020,"2,536","2,513",,,
Lynnfield,05/06/2020,77,661,,,
Malden,05/06/2020,897,"1,324",,,
Manchester,05/06/2020,14,283,,,
Mansfield,05/06/2020,123,520,,,
Marblehead,05/06/2020,158,822,,,
Marion,05/06/2020,7,151,,,
Marlborough,05/06/2020,581,"1,338",,,
Marshfield,05/06/2020,130,503,,,
Mashpee,05/06/2020,42,273,,,
Mattapoisett,05/06/2020,22,381,,,
Maynard,05/06/2020,52,498,,,
Medfield,05/06/2020,32,281,,,
Medford,05/06/2020,829,"1,363",,,
Medway,05/06/2020,68,520,,,
Melrose,05/06/2020,181,626,,,
Mendon,05/06/2020,20,345,,,
Merrimac,05/06/2020,19,297,,,
Methuen,05/06/2020,664,"1,240",,,
Middleborough,05/06/2020,150,557,,,
Middlefield,05/06/2020,0,0,,,
Middleton,05/06/2020,128,"1,240",,,
Milford,05/06/2020,470,"1,604",,,
Millbury,05/06/2020,164,"1,201",,,
Millis,05/06/2020,39,494,,,
Millville,05/06/2020,13,366,,,
Milton,05/06/2020,265,926,,,
Monroe,05/06/2020,0,0,,,
Monson,05/06/2020,22,261,,,
Montague,05/06/2020,20,234,,,
Monterey,05/06/2020,0,0,,,
Montgomery,05/06/2020,<5,*,,,
Mount Washington,05/06/2020,0,0,,,
Nahant,05/06/2020,31,947,,,
Nantucket,05/06/2020,12,106,,,
Natick,05/06/2020,311,866,,,
Needham,05/06/2020,251,856,,,
New Ashford,05/06/2020,0,0,,,
New Bedford,05/06/2020,881,885,,,
New Braintree,05/06/2020,<5,*,,,
New Marlborough,05/06/2020,<5,*,,,
New Salem,05/06/2020,0,0,,,
Newbury,05/06/2020,6,90,,,
Newburyport,05/06/2020,51,286,,,
Newton,05/06/2020,588,641,,,
Norfolk,05/06/2020,22,178,,,
North Adams,05/06/2020,43,329,,,
North Andover,05/06/2020,231,764,,,
North Attleborough,05/06/2020,197,652,,,
North Brookfield,05/06/2020,10,215,,,
North Reading,05/06/2020,158,956,,,
Northampton,05/06/2020,201,688,,,
Northborough,05/06/2020,150,"1,096",,,
Northbridge,05/06/2020,206,"1,145",,,
Northfield,05/06/2020,0,0,,,
Norton,05/06/2020,104,524,,,
Norwell,05/06/2020,91,850,,,
Norwood,05/06/2020,441,"1,465",,,
Oak Bluffs,05/06/2020,<5,*,,,
Oakham,05/06/2020,<5,*,,,
Orange,05/06/2020,31,380,,,
Orleans,05/06/2020,14,248,,,
Otis,05/06/2020,<5,*,,,
Oxford,05/06/2020,37,268,,,
Palmer,05/06/2020,31,261,,,
Paxton,05/06/2020,17,343,,,
Peabody,05/06/2020,740,"1,327",,,
Pelham,05/06/2020,<5,*,,,
Pembroke,05/06/2020,59,316,,,
Pepperell,05/06/2020,35,285,,,
Peru,05/06/2020,<5,*,,,
Petersham,05/06/2020,5,395,,,
Phillipston,05/06/2020,12,700,,,
Pittsfield,05/06/2020,138,312,,,
Plainfield,05/06/2020,0,0,,,
Plainville,05/06/2020,47,515,,,
Plymouth,05/06/2020,317,511,,,
Plympton,05/06/2020,6,201,,,
Princeton,05/06/2020,<5,*,,,
Provincetown,05/06/2020,21,800,,,
Quincy,05/06/2020,903,893,,,
Randolph,05/06/2020,735,"2,148",,,
Raynham,05/06/2020,201,"1,346",,,
Reading,05/06/2020,221,804,,,
Rehoboth,05/06/2020,40,317,,,
Revere,05/06/2020,"1,307","2,146",,,
Richmond,05/06/2020,5,377,,,
Rochester,05/06/2020,19,337,,,
Rockland,05/06/2020,227,"1,259",,,
Rockport,05/06/2020,47,717,,,
Rowe,05/06/2020,<5,*,,,
Rowley,05/06/2020,26,421,,,
Royalston,05/06/2020,<5,*,,,
Russell,05/06/2020,8,424,,,
Rutland,05/06/2020,33,366,,,
Salem,05/06/2020,445,988,,,
Salisbury,05/06/2020,37,419,,,
Sandisfield,05/06/2020,<5,*,,,
Sandwich,05/06/2020,67,319,,,
Saugus,05/06/2020,391,"1,376",,,
Savoy,05/06/2020,<5,*,,,
Scituate,05/06/2020,84,464,,,
Seekonk,05/06/2020,51,364,,,
Sharon,05/06/2020,115,628,,,
Sheffield,05/06/2020,13,421,,,
Shelburne,05/06/2020,7,379,,,
Sherborn,05/06/2020,11,287,,,
Shirley,05/06/2020,134,"1,590",,,
Shrewsbury,05/06/2020,240,609,,,
Shutesbury,05/06/2020,<5,*,,,
Somerset,05/06/2020,80,432,,,
Somerville,05/06/2020,660,862,,,
South Hadley,05/06/2020,61,337,,,
Southampton,05/06/2020,26,433,,,
Southborough,05/06/2020,35,360,,,
Southbridge,05/06/2020,66,392,,,
Southwick,05/06/2020,42,429,,,
Spencer,05/06/2020,33,286,,,
Springfield,05/06/2020,"1,615","1,020",,,
Sterling,05/06/2020,52,660,,,
Stockbridge,05/06/2020,11,631,,,
Stoneham,05/06/2020,300,"1,345",,,
Stoughton,05/06/2020,485,"1,754",,,
Stow,05/06/2020,22,305,,,
Sturbridge,05/06/2020,27,259,,,
Sudbury,05/06/2020,98,547,,,
Sunderland,05/06/2020,7,184,,,
Sutton,05/06/2020,38,423,,,
Swampscott,05/06/2020,109,795,,,
Swansea,05/06/2020,73,457,,,
Taunton,05/06/2020,690,"1,205",,,
Templeton,05/06/2020,98,"1,097",,,
Tewksbury,05/06/2020,429,"1,393",,,
Tisbury,05/06/2020,<5,*,,,
Tolland,05/06/2020,<5,*,,,
Topsfield,05/06/2020,100,"1,711",,,
Townsend,05/06/2020,24,262,,,
Truro,05/06/2020,10,506,,,
Tyngsborough,05/06/2020,79,659,,,
Tyringham,05/06/2020,<5,*,,,
Upton,05/06/2020,15,166,,,
Uxbridge,05/06/2020,55,357,,,
Wakefield,05/06/2020,244,904,,,
Wales,05/06/2020,<5,*,,,
Walpole,05/06/2020,178,687,,,
Waltham,05/06/2020,872,"1,308",,,
Ware,05/06/2020,17,168,,,
Wareham,05/06/2020,162,676,,,
Warren,05/06/2020,12,221,,,
Warwick,05/06/2020,0,0,,,
Washington,05/06/2020,<5,*,,,
Watertown,05/06/2020,305,919,,,
Wayland,05/06/2020,83,625,,,
Webster,05/06/2020,100,582,,,
Wellesley,05/06/2020,200,673,,,
Wellfleet,05/06/2020,<5,*,,,
Wendell,05/06/2020,0,0,,,
Wenham,05/06/2020,12,231,,,
West Boylston,05/06/2020,29,369,,,
West Bridgewater,05/06/2020,76,"1,049",,,
West Brookfield,05/06/2020,10,270,,,
West Newbury,05/06/2020,5,123,,,
West Springfield,05/06/2020,256,869,,,
West Stockbridge,05/06/2020,<5,*,,,
West Tisbury,05/06/2020,7,243,,,
Westborough,05/06/2020,251,"1,332",,,
Westfield,05/06/2020,384,924,,,
Westford,05/06/2020,120,519,,,
Westhampton,05/06/2020,<5,*,,,
Westminster,05/06/2020,17,232,,,
Weston,05/06/2020,89,802,,,
Westport,05/06/2020,54,324,,,
Westwood,05/06/2020,93,631,,,
Weymouth,05/06/2020,560,999,,,
Whately,05/06/2020,<5,*,,,
Whitman,05/06/2020,147,953,,,
Wilbraham,05/06/2020,152,"1,045",,,
Williamsburg,05/06/2020,9,365,,,
Williamstown,05/06/2020,80,"1,086",,,
Wilmington,05/06/2020,288,"1,182",,,
Winchendon,05/06/2020,58,540,,,
Winchester,05/06/2020,79,354,,,
Windsor,05/06/2020,0,0,,,
Winthrop,05/06/2020,196,"1,040",,,
Woburn,05/06/2020,424,"1,022",,,
Worcester,05/06/2020,"2,989","1,558",,,
Worthington,05/06/2020,0,0,,,
Wrentham,05/06/2020,145,"1,286",,,
Yarmouth,05/06/2020,80,333,,,
Unknown,05/06/2020,326,*,,,
State,05/06/2020,72025,1033.83,,,
Abington,05/13/2020,190,1057.85,,,
Acton,05/13/2020,120,505.64,,,
Acushnet,05/13/2020,59,564.41,,,
Adams,05/13/2020,33,398.52,,,
Agawam,05/13/2020,404,1412.37,,,
Alford,05/13/2020,0,0,,,
Amesbury,05/13/2020,154,925.18,,,
Amherst,05/13/2020,76,187.66,,,
Andover,05/13/2020,239,663.61,,,
Aquinnah,05/13/2020,0,0,,,
Arlington,05/13/2020,261,569.76,,,
Ashburnham,05/13/2020,23,366.25,,,
Ashby,05/13/2020,13,376,,,
Ashfield,05/13/2020,<5,*,,,
Ashland,05/13/2020,179,918.29,,,
Athol,05/13/2020,46,384.45,,,
Attleboro,05/13/2020,527,1139.02,,,
Auburn,05/13/2020,159,964.08,,,
Avon,05/13/2020,61,1392.47,,,
Ayer,05/13/2020,49,606.44,,,
Barnstable,05/13/2020,267,595.38,,,
Barre,05/13/2020,43,773.69,,,
Becket,05/13/2020,12,666.5,,,
Bedford,05/13/2020,214,1436.59,,,
Belchertown,05/13/2020,79,496.15,,,
Bellingham,05/13/2020,107,598.56,,,
Belmont,05/13/2020,192,703.14,,,
Berkley,05/13/2020,42,619.45,,,
Berlin,05/13/2020,18,563.69,,,
Bernardston,05/13/2020,6,286.94,,,
Beverly,05/13/2020,501,1217.01,,,
Billerica,05/13/2020,456,1046.28,,,
Blackstone,05/13/2020,36,398.04,,,
Blandford,05/13/2020,<5,*,,,
Bolton,05/13/2020,11,217.71,,,
Boston,05/13/2020,11551,1662.09,,,
Bourne,05/13/2020,133,635.76,,,
Boxborough,05/13/2020,22,430.73,,,
Boxford,05/13/2020,35,453.53,,,
Boylston,05/13/2020,13,289.61,,,
Braintree,05/13/2020,724,1839.44,,,
Brewster,05/13/2020,91,918.05,,,
Bridgewater,05/13/2020,302,1061.62,,,
Brimfield,05/13/2020,<5,*,,,
Brockton,05/13/2020,3429,3490.14,,,
Brookfield,05/13/2020,12,327.72,,,
Brookline,05/13/2020,321,498.57,,,
Buckland,05/13/2020,7,376.25,,,
Burlington,05/13/2020,216,781.38,,,
Cambridge,05/13/2020,873,774.03,,,
Canton,05/13/2020,253,1096.92,,,
Carlisle,05/13/2020,10,209.7,,,
Carver,05/13/2020,47,386,,,
Charlemont,05/13/2020,<5,*,,,
Charlton,05/13/2020,51,362.42,,,
Chatham,05/13/2020,12,204.91,,,
Chelmsford,05/13/2020,291,808.75,,,
Chelsea,05/13/2020,2412,6403.89,,,
Cheshire,05/13/2020,<5,*,,,
Chester,05/13/2020,<5,*,,,
Chesterfield,05/13/2020,<5,*,,,
Chicopee,05/13/2020,332,582.3,,,
Chilmark,05/13/2020,<5,*,,,
Clarksburg,05/13/2020,7,415.82,,,
Clinton,05/13/2020,153,1087.02,,,
Cohasset,05/13/2020,21,283.8,,,
Colrain,05/13/2020,<5,*,,,
Concord,05/13/2020,152,811.75,,,
Conway,05/13/2020,<5,*,,,
Cummington,05/13/2020,<5,*,,,
Dalton,05/13/2020,9,137.99,,,
Danvers,05/13/2020,616,2157.18,,,
Dartmouth,05/13/2020,240,651.83,,,
Dedham,05/13/2020,317,1168.67,,,
Deerfield,05/13/2020,9,168.77,,,
Dennis,05/13/2020,78,589.85,,,
Dighton,05/13/2020,50,637.29,,,
Douglas,05/13/2020,33,351.08,,,
Dover,05/13/2020,16,307.03,,,
Dracut,05/13/2020,374,1157.7,,,
Dudley,05/13/2020,64,516.8,,,
Dunstable,05/13/2020,8,240.09,,,
Duxbury,05/13/2020,59,389.87,,,
East Bridgewater,05/13/2020,157,1063.95,,,
East Brookfield,05/13/2020,7,312.3,,,
East Longmeadow,05/13/2020,224,1324.31,,,
Eastham,05/13/2020,10,215.22,,,
Easthampton,05/13/2020,60,370.06,,,
Easton,05/13/2020,224,945.22,,,
Edgartown,05/13/2020,7,170.66,,,
Egremont,05/13/2020,5,456.27,,,
Erving,05/13/2020,6,286.53,,,
Essex,05/13/2020,17,456.9,,,
Everett,05/13/2020,1366,2814.38,,,
Fairhaven,05/13/2020,158,985.62,,,
Fall River,05/13/2020,868,970.41,,,
Falmouth,05/13/2020,150,479.98,,,
Fitchburg,05/13/2020,516,1224.12,,,
Florida,05/13/2020,<5,*,,,
Foxborough,05/13/2020,96,530.01,,,
Framingham,05/13/2020,1347,1808.87,,,
Franklin,05/13/2020,103,304.62,,,
Freetown,05/13/2020,73,806.78,,,
Gardner,05/13/2020,134,670.34,,,
Georgetown,05/13/2020,40,447.74,,,
Gill,05/13/2020,<5,*,,,
Gloucester,05/13/2020,211,737.12,,,
Goshen,05/13/2020,<5,*,,,
Gosnold,05/13/2020,0,0,,,
Grafton,05/13/2020,72,361,,,
Granby,05/13/2020,20,325.65,,,
Granville,05/13/2020,9,578.29,,,
Great Barrington,05/13/2020,51,750.47,,,
Greenfield,05/13/2020,186,1071.16,,,
Groton,05/13/2020,35,300.55,,,
Groveland,05/13/2020,25,365.84,,,
Hadley,05/13/2020,36,626.05,,,
Halifax,05/13/2020,32,418.77,,,
Hamilton,05/13/2020,24,321.11,,,
Hampden,05/13/2020,37,748.87,,,
Hancock,05/13/2020,<5,*,,,
Hanover,05/13/2020,56,390.93,,,
Hanson,05/13/2020,80,747.19,,,
Hardwick,05/13/2020,6,181.19,,,
Harvard,05/13/2020,16,230.97,,,
Harwich,05/13/2020,106,843.74,,,
Hatfield,05/13/2020,10,307.96,,,
Haverhill,05/13/2020,950,1442.77,,,
Hawley,05/13/2020,0,0,,,
Heath,05/13/2020,0,0,,,
Hingham,05/13/2020,223,937.46,,,
Hinsdale,05/13/2020,<5,*,,,
Holbrook,05/13/2020,166,1469.67,,,
Holden,05/13/2020,76,402.95,,,
Holland,05/13/2020,8,312.46,,,
Holliston,05/13/2020,48,348.22,,,
Holyoke,05/13/2020,723,1754.67,,,
Hopedale,05/13/2020,27,475.43,,,
Hopkinton,05/13/2020,104,637.47,,,
Hubbardston,05/13/2020,5,107.28,,,
Hudson,05/13/2020,148,706.56,,,
Hull,05/13/2020,43,435.38,,,
Huntington,05/13/2020,12,542.65,,,
Ipswich,05/13/2020,57,423.89,,,
Kingston,05/13/2020,103,759.4,,,
Lakeville,05/13/2020,52,460.56,,,
Lancaster,05/13/2020,69,805.34,,,
Lanesborough,05/13/2020,7,229.8,,,
Lawrence,05/13/2020,2382,2701.42,,,
Lee,05/13/2020,16,272.12,,,
Leicester,05/13/2020,118,1047.6,,,
Lenox,05/13/2020,12,245.97,,,
Leominster,05/13/2020,376,926.29,,,
Leverett,05/13/2020,<5,*,,,
Lexington,05/13/2020,290,851.81,,,
Leyden,05/13/2020,0,0,,,
Lincoln,05/13/2020,30,346.7,,,
Littleton,05/13/2020,93,956.97,,,
Longmeadow,05/13/2020,195,1257.27,,,
Lowell,05/13/2020,2215,1895.45,,,
Ludlow,05/13/2020,94,450.54,,,
Lunenburg,05/13/2020,46,442.01,,,
Lynn,05/13/2020,2834,2808.63,,,
Lynnfield,05/13/2020,80,686.75,,,
Malden,05/13/2020,986,1455.27,,,
Manchester,05/13/2020,15,303.25,,,
Mansfield,05/13/2020,137,579.62,,,
Marblehead,05/13/2020,163,848.18,,,
Marion,05/13/2020,9,193.94,,,
Marlborough,05/13/2020,698,1606.85,,,
Marshfield,05/13/2020,139,537.52,,,
Mashpee,05/13/2020,45,292.63,,,
Mattapoisett,05/13/2020,25,432.42,,,
Maynard,05/13/2020,60,575.01,,,
Medfield,05/13/2020,32,280.69,,,
Medford,05/13/2020,870,1430.58,,,
Medway,05/13/2020,99,756.88,,,
Melrose,05/13/2020,206,712.26,,,
Mendon,05/13/2020,22,379.76,,,
Merrimac,05/13/2020,23,359.94,,,
Methuen,05/13/2020,737,1376.26,,,
Middleborough,05/13/2020,221,820.89,,,
Middlefield,05/13/2020,0,0,,,
Middleton,05/13/2020,132,1279.15,,,
Milford,05/13/2020,525,1791.61,,,
Millbury,05/13/2020,173,1266.74,,,
Millis,05/13/2020,43,544.6,,,
Millville,05/13/2020,13,366.12,,,
Milton,05/13/2020,271,946.57,,,
Monroe,05/13/2020,0,0,,,
Monson,05/13/2020,26,308.23,,,
Montague,05/13/2020,23,269.05,,,
Monterey,05/13/2020,0,0,,,
Montgomery,05/13/2020,<5,*,,,
Mount Washington,05/13/2020,0,0,,,
Nahant,05/13/2020,34,1039.14,,,
Nantucket,05/13/2020,12,105.82,,,
Natick,05/13/2020,349,971.53,,,
Needham,05/13/2020,292,996.17,,,
New Ashford,05/13/2020,0,0,,,
New Bedford,05/13/2020,1241,1246.55,,,
New Braintree,05/13/2020,<5,*,,,
New Marlborough,05/13/2020,<5,*,,,
New Salem,05/13/2020,0,0,,,
Newbury,05/13/2020,7,105.28,,,
Newburyport,05/13/2020,56,314.54,,,
Newton,05/13/2020,675,735.87,,,
Norfolk,05/13/2020,23,186.3,,,
North Adams,05/13/2020,45,344.64,,,
North Andover,05/13/2020,248,819.87,,,
North Attleborough,05/13/2020,214,708.26,,,
North Brookfield,05/13/2020,11,236.73,,,
North Reading,05/13/2020,166,1003.95,,,
Northampton,05/13/2020,238,814.19,,,
Northborough,05/13/2020,171,1249.01,,,
Northbridge,05/13/2020,235,1306.69,,,
Northfield,05/13/2020,<5,*,,,
Norton,05/13/2020,113,568.9,,,
Norwell,05/13/2020,105,980.86,,,
Norwood,05/13/2020,462,1534.26,,,
Oak Bluffs,05/13/2020,<5,*,,,
Oakham,05/13/2020,<5,*,,,
Orange,05/13/2020,34,416.52,,,
Orleans,05/13/2020,15,265.58,,,
Otis,05/13/2020,<5,*,,,
Oxford,05/13/2020,42,304.73,,,
Palmer,05/13/2020,36,302.66,,,
Paxton,05/13/2020,23,464.72,,,
Peabody,05/13/2020,809,1450.71,,,
Pelham,05/13/2020,<5,*,,,
Pembroke,05/13/2020,68,364.16,,,
Pepperell,05/13/2020,39,317.57,,,
Peru,05/13/2020,<5,*,,,
Petersham,05/13/2020,5,394.7,,,
Phillipston,05/13/2020,12,700.03,,,
Pittsfield,05/13/2020,147,331.99,,,
Plainfield,05/13/2020,0,0,,,
Plainville,05/13/2020,51,558.98,,,
Plymouth,05/13/2020,424,683.47,,,
Plympton,05/13/2020,8,267.64,,,
Princeton,05/13/2020,<5,*,,,
Provincetown,05/13/2020,21,800.34,,,
Quincy,05/13/2020,970,959.06,,,
Randolph,05/13/2020,787,2299.89,,,
Raynham,05/13/2020,206,1379.12,,,
Reading,05/13/2020,247,898.71,,,
Rehoboth,05/13/2020,44,348.77,,,
Revere,05/13/2020,1403,2303.16,,,
Richmond,05/13/2020,5,376.53,,,
Rochester,05/13/2020,22,390.24,,,
Rockland,05/13/2020,246,1363.91,,,
Rockport,05/13/2020,72,1098.53,,,
Rowe,05/13/2020,0,0,,,
Rowley,05/13/2020,31,502.14,,,
Royalston,05/13/2020,<5,*,,,
Russell,05/13/2020,8,423.95,,,
Rutland,05/13/2020,37,410.7,,,
Salem,05/13/2020,492,1092.88,,,
Salisbury,05/13/2020,45,509.02,,,
Sandisfield,05/13/2020,<5,*,,,
Sandwich,05/13/2020,74,351.8,,,
Saugus,05/13/2020,432,1519.77,,,
Savoy,05/13/2020,<5,*,,,
Scituate,05/13/2020,119,656.68,,,
Seekonk,05/13/2020,61,435.64,,,
Sharon,05/13/2020,118,644.43,,,
Sheffield,05/13/2020,15,485.9,,,
Shelburne,05/13/2020,7,378.53,,,
Sherborn,05/13/2020,11,286.66,,,
Shirley,05/13/2020,144,1708.37,,,
Shrewsbury,05/13/2020,265,672.61,,,
Shutesbury,05/13/2020,<5,*,,,
Somerset,05/13/2020,98,529.51,,,
Somerville,05/13/2020,729,952.46,,,
South Hadley,05/13/2020,108,596.71,,,
Southampton,05/13/2020,28,466.24,,,
Southborough,05/13/2020,36,370.27,,,
Southbridge,05/13/2020,84,498.72,,,
Southwick,05/13/2020,44,449.28,,,
Spencer,05/13/2020,38,329.85,,,
Springfield,05/13/2020,1889,1193.05,,,
Sterling,05/13/2020,60,762.06,,,
Stockbridge,05/13/2020,14,802.96,,,
Stoneham,05/13/2020,322,1443.69,,,
Stoughton,05/13/2020,512,1851.21,,,
Stow,05/13/2020,25,346.75,,,
Sturbridge,05/13/2020,30,287.3,,,
Sudbury,05/13/2020,163,910.42,,,
Sunderland,05/13/2020,8,210.44,,,
Sutton,05/13/2020,38,422.95,,,
Swampscott,05/13/2020,115,839.01,,,
Swansea,05/13/2020,75,469.65,,,
Taunton,05/13/2020,758,1323.35,,,
Templeton,05/13/2020,109,1220.47,,,
Tewksbury,05/13/2020,484,1571.91,,,
Tisbury,05/13/2020,<5,*,,,
Tolland,05/13/2020,<5,*,,,
Topsfield,05/13/2020,106,1813.85,,,
Townsend,05/13/2020,26,284.19,,,
Truro,05/13/2020,9,455.74,,,
Tyngsborough,05/13/2020,81,675.52,,,
Tyringham,05/13/2020,<5,*,,,
Upton,05/13/2020,17,188.03,,,
Uxbridge,05/13/2020,58,376.3,,,
Wakefield,05/13/2020,257,951.68,,,
Wales,05/13/2020,<5,*,,,
Walpole,05/13/2020,199,768.32,,,
Waltham,05/13/2020,994,1491.16,,,
Ware,05/13/2020,21,207.13,,,
Wareham,05/13/2020,171,713.96,,,
Warren,05/13/2020,13,239.77,,,
Warwick,05/13/2020,0,0,,,
Washington,05/13/2020,<5,*,,,
Watertown,05/13/2020,326,982.74,,,
Wayland,05/13/2020,92,692.67,,,
Webster,05/13/2020,123,715.49,,,
Wellesley,05/13/2020,207,696.16,,,
Wellfleet,05/13/2020,<5,*,,,
Wendell,05/13/2020,0,0,,,
Wenham,05/13/2020,15,288.12,,,
West Boylston,05/13/2020,33,420.37,,,
West Bridgewater,05/13/2020,98,1352.19,,,
West Brookfield,05/13/2020,13,350.44,,,
West Newbury,05/13/2020,6,147,,,
West Springfield,05/13/2020,271,919.98,,,
West Stockbridge,05/13/2020,<5,*,,,
West Tisbury,05/13/2020,7,242.81,,,
Westborough,05/13/2020,273,1448.88,,,
Westfield,05/13/2020,397,954.82,,,
Westford,05/13/2020,126,544.53,,,
Westhampton,05/13/2020,<5,*,,,
Westminster,05/13/2020,19,259.13,,,
Weston,05/13/2020,125,1126.76,,,
Westport,05/13/2020,61,366.5,,,
Westwood,05/13/2020,99,671.67,,,
Weymouth,05/13/2020,607,1082.7,,,
Whately,05/13/2020,<5,*,,,
Whitman,05/13/2020,164,1063.57,,,
Wilbraham,05/13/2020,178,1224,,,
Williamsburg,05/13/2020,8,324.3,,,
Williamstown,05/13/2020,81,1099.24,,,
Wilmington,05/13/2020,298,1222.65,,,
Winchendon,05/13/2020,73,679.28,,,
Winchester,05/13/2020,97,434.52,,,
Windsor,05/13/2020,0,0,,,
Winthrop,05/13/2020,221,1172.59,,,City/Town
Woburn,05/13/2020,499,1202.67,,,
Worcester,05/13/2020,3549,1849.7,,,
Worthington,05/13/2020,0,0,,,
Wrentham,05/13/2020,172,1525.57,,,
Yarmouth,05/13/2020,96,399.61,,,
Unknown,05/13/2020,264,*,,,
State,05/13/2020,80497,1155.44,,,
Abington,05/20/2020,219,1219.31,,,
Acton,05/20/2020,138,581.49,,,
Acushnet,05/20/2020,73,698.34,,,
Adams,05/20/2020,35,422.67,,,
Agawam,05/20/2020,423,1478.8,,,
Alford,05/20/2020,0,0,,,
Amesbury,05/20/2020,154,925.18,,,
Amherst,05/20/2020,85,209.89,,,
Andover,05/20/2020,263,730.25,,,
Aquinnah,05/20/2020,0,0,,,
Arlington,05/20/2020,279,609.05,,,
Ashburnham,05/20/2020,26,414.02,,,
Ashby,05/20/2020,14,404.92,,,
Ashfield,05/20/2020,<5,*,,,
Ashland,05/20/2020,214,1097.84,,,
Athol,05/20/2020,46,384.45,,,
Attleboro,05/20/2020,577,1247.09,,,
Auburn,05/20/2020,184,1115.66,,,
Avon,05/20/2020,67,1529.44,,,
Ayer,05/20/2020,65,804.46,,,
Barnstable,05/20/2020,293,653.35,,,
Barre,05/20/2020,47,845.66,,,
Becket,05/20/2020,12,666.5,,,
Bedford,05/20/2020,232,1557.42,,,
Belchertown,05/20/2020,88,552.67,,,
Bellingham,05/20/2020,112,626.53,,,
Belmont,05/20/2020,210,769.06,,,
Berkley,05/20/2020,52,766.94,,,
Berlin,05/20/2020,20,626.32,,,
Bernardston,05/20/2020,6,286.94,,,
Beverly,05/20/2020,542,1316.6,,,
Billerica,05/20/2020,486,1115.11,,,
Blackstone,05/20/2020,40,442.26,,,
Blandford,05/20/2020,<5,*,,,
Bolton,05/20/2020,12,237.5,,,
Boston,05/20/2020,12629,1817.2,,,
Bourne,05/20/2020,144,688.34,,,
Boxborough,05/20/2020,23,450.31,,,
Boxford,05/20/2020,35,453.53,,,
Boylston,05/20/2020,18,400.99,,,
Braintree,05/20/2020,754,1915.66,,,
Brewster,05/20/2020,92,928.14,,,
Bridgewater,05/20/2020,328,1153.02,,,
Brimfield,05/20/2020,<5,*,,,
Brockton,05/20/2020,3773,3840.27,,,
Brookfield,05/20/2020,15,409.64,,,
Brookline,05/20/2020,343,532.74,,,
Buckland,05/20/2020,8,430,,,
Burlington,05/20/2020,231,835.64,,,
Cambridge,05/20/2020,889,788.22,,,
Canton,05/20/2020,266,1153.28,,,
Carlisle,05/20/2020,12,251.64,,,
Carver,05/20/2020,49,402.42,,,
Charlemont,05/20/2020,<5,*,,,
Charlton,05/20/2020,60,426.37,,,
Chatham,05/20/2020,12,204.91,,,
Chelmsford,05/20/2020,302,839.32,,,
Chelsea,05/20/2020,2598,6897.72,,,
Cheshire,05/20/2020,<5,*,,,
Chester,05/20/2020,<5,*,,,
Chesterfield,05/20/2020,<5,*,,,
Chicopee,05/20/2020,373,654.21,,,
Chilmark,05/20/2020,<5,*,,,
Clarksburg,05/20/2020,7,415.82,,,
Clinton,05/20/2020,174,1236.21,,,
Cohasset,05/20/2020,21,283.8,,,
Colrain,05/20/2020,<5,*,,,
Concord,05/20/2020,160,854.47,,,
Conway,05/20/2020,<5,*,,,
Cummington,05/20/2020,<5,*,,,
Dalton,05/20/2020,9,137.99,,,
Danvers,05/20/2020,643,2251.73,,,
Dartmouth,05/20/2020,284,771.33,,,
Dedham,05/20/2020,340,1253.46,,,
Deerfield,05/20/2020,8,150.02,,,
Dennis,05/20/2020,83,627.67,,,
Dighton,05/20/2020,54,688.27,,,
Douglas,05/20/2020,39,414.91,,,
Dover,05/20/2020,17,326.22,,,
Dracut,05/20/2020,422,1306.29,,,
Dudley,05/20/2020,72,581.4,,,
Dunstable,05/20/2020,9,270.1,,,
Duxbury,05/20/2020,60,396.48,,,
East Bridgewater,05/20/2020,172,1165.6,,,
East Brookfield,05/20/2020,9,401.53,,,
East Longmeadow,05/20/2020,238,1407.08,,,
Eastham,05/20/2020,10,215.22,,,
Easthampton,05/20/2020,70,431.74,,,
Easton,05/20/2020,248,1046.49,,,
Edgartown,05/20/2020,7,170.66,,,
Egremont,05/20/2020,5,456.27,,,
Erving,05/20/2020,6,286.53,,,
Essex,05/20/2020,21,564.41,,,
Everett,05/20/2020,1474,3036.9,,,
Fairhaven,05/20/2020,183,1141.57,,,
Fall River,05/20/2020,1051,1175,,,
Falmouth,05/20/2020,170,543.97,,,
Fitchburg,05/20/2020,631,1496.94,,,
Florida,05/20/2020,<5,*,,,
Foxborough,05/20/2020,100,552.1,,,
Framingham,05/20/2020,1493,2004.93,,,
Franklin,05/20/2020,111,328.28,,,
Freetown,05/20/2020,80,884.15,,,
Gardner,05/20/2020,156,780.39,,,
Georgetown,05/20/2020,45,503.7,,,
Gill,05/20/2020,<5,*,,,
Gloucester,05/20/2020,233,813.98,,,
Goshen,05/20/2020,<5,*,,,
Gosnold,05/20/2020,0,0,,,
Grafton,05/20/2020,81,406.13,,,
Granby,05/20/2020,26,423.35,,,
Granville,05/20/2020,9,578.29,,,
Great Barrington,05/20/2020,52,765.18,,,
Greenfield,05/20/2020,189,1088.43,,,
Groton,05/20/2020,38,326.31,,,
Groveland,05/20/2020,28,409.74,,,
Hadley,05/20/2020,40,695.61,,,
Halifax,05/20/2020,48,628.16,,,
Hamilton,05/20/2020,28,374.63,,,
Hampden,05/20/2020,45,910.79,,,
Hancock,05/20/2020,<5,*,,,
Hanover,05/20/2020,60,418.85,,,
Hanson,05/20/2020,88,821.91,,,
Hardwick,05/20/2020,7,211.39,,,
Harvard,05/20/2020,16,230.97,,,
Harwich,05/20/2020,111,883.54,,,
Hatfield,05/20/2020,10,307.96,,,
Haverhill,05/20/2020,1066,1618.94,,,
Hawley,05/20/2020,0,0,,,
Heath,05/20/2020,0,0,,,
Hingham,05/20/2020,237,996.31,,,
Hinsdale,05/20/2020,<5,*,,,
Holbrook,05/20/2020,176,1558.21,,,
Holden,05/20/2020,85,450.67,,,
Holland,05/20/2020,8,312.46,,,
Holliston,05/20/2020,53,384.49,,,
Holyoke,05/20/2020,764,1854.17,,,
Hopedale,05/20/2020,34,598.69,,,
Hopkinton,05/20/2020,110,674.25,,,
Hubbardston,05/20/2020,5,107.28,,,
Hudson,05/20/2020,163,778.17,,,
Hull,05/20/2020,47,475.88,,,
Huntington,05/20/2020,13,587.87,,,
Ipswich,05/20/2020,62,461.07,,,
Kingston,05/20/2020,116,855.24,,,
Lakeville,05/20/2020,54,478.27,,,
Lancaster,05/20/2020,75,875.37,,,
Lanesborough,05/20/2020,7,229.8,,,
Lawrence,05/20/2020,2681,3040.51,,,
Lee,05/20/2020,16,272.12,,,
Leicester,05/20/2020,128,1136.38,,,
Lenox,05/20/2020,13,266.47,,,
Leominster,05/20/2020,516,1271.18,,,
Leverett,05/20/2020,<5,*,,,
Lexington,05/20/2020,302,887.06,,,
Leyden,05/20/2020,0,0,,,
Lincoln,05/20/2020,32,369.82,,,
Littleton,05/20/2020,94,967.26,,,
Longmeadow,05/20/2020,202,1302.41,,,
Lowell,05/20/2020,2457,2102.54,,,
Ludlow,05/20/2020,110,527.22,,,
Lunenburg,05/20/2020,58,557.32,,,
Lynn,05/20/2020,3117,3089.1,,,
Lynnfield,05/20/2020,87,746.84,,,
Malden,05/20/2020,1053,1554.16,,,
Manchester,05/20/2020,16,323.47,,,
Mansfield,05/20/2020,147,621.93,,,
Marblehead,05/20/2020,211,1097.95,,,
Marion,05/20/2020,11,237.04,,,
Marlborough,05/20/2020,829,1908.42,,,
Marshfield,05/20/2020,152,587.79,,,
Mashpee,05/20/2020,50,325.14,,,
Mattapoisett,05/20/2020,28,484.31,,,
Maynard,05/20/2020,63,603.76,,,
Medfield,05/20/2020,33,289.46,,,
Medford,05/20/2020,922,1516.09,,,
Medway,05/20/2020,103,787.47,,,
Melrose,05/20/2020,216,746.83,,,
Mendon,05/20/2020,23,397.02,,,
Merrimac,05/20/2020,26,406.89,,,
Methuen,05/20/2020,827,1544.32,,,
Middleborough,05/20/2020,243,902.61,,,
Middlefield,05/20/2020,0,0,,,
Middleton,05/20/2020,144,1395.44,,,
Milford,05/20/2020,575,1962.24,,,
Millbury,05/20/2020,184,1347.29,,,
Millis,05/20/2020,45,569.93,,,
Millville,05/20/2020,13,366.12,,,
Milton,05/20/2020,286,998.96,,,
Monroe,05/20/2020,0,0,,,
Monson,05/20/2020,30,355.65,,,
Montague,05/20/2020,25,292.45,,,
Monterey,05/20/2020,0,0,,,
Montgomery,05/20/2020,<5,*,,,
Mount Washington,05/20/2020,0,0,,,
Nahant,05/20/2020,37,1130.83,,,
Nantucket,05/20/2020,12,105.82,,,
Natick,05/20/2020,381,1060.61,,,
Needham,05/20/2020,303,1033.7,,,
New Ashford,05/20/2020,0,0,,,
New Bedford,05/20/2020,1583,1590.07,,,
New Braintree,05/20/2020,<5,*,,,
New Marlborough,05/20/2020,6,392.17,,,
New Salem,05/20/2020,0,0,,,
Newbury,05/20/2020,8,120.32,,,
Newburyport,05/20/2020,65,365.09,,,
Newton,05/20/2020,710,774.03,,,
Norfolk,05/20/2020,22,178.2,,,
North Adams,05/20/2020,47,359.96,,,
North Andover,05/20/2020,269,889.3,,,
North Attleborough,05/20/2020,228,754.59,,,
North Brookfield,05/20/2020,13,279.77,,,
North Reading,05/20/2020,175,1058.38,,,
Northampton,05/20/2020,254,868.93,,,
Northborough,05/20/2020,192,1402.4,,,
Northbridge,05/20/2020,281,1562.47,,,
Northfield,05/20/2020,<5,*,,,
Norton,05/20/2020,120,604.14,,,
Norwell,05/20/2020,116,1083.62,,,
Norwood,05/20/2020,513,1703.63,,,
Oak Bluffs,05/20/2020,5,96.73,,,
Oakham,05/20/2020,<5,*,,,
Orange,05/20/2020,35,428.77,,,
Orleans,05/20/2020,15,265.58,,,
Otis,05/20/2020,<5,*,,,
Oxford,05/20/2020,52,377.29,,,
Palmer,05/20/2020,43,361.51,,,
Paxton,05/20/2020,27,545.54,,,
Peabody,05/20/2020,877,1572.65,,,
Pelham,05/20/2020,<5,*,,,
Pembroke,05/20/2020,80,428.42,,,
Pepperell,05/20/2020,44,358.28,,,
Peru,05/20/2020,<5,*,,,
Petersham,05/20/2020,7,552.57,,,
Phillipston,05/20/2020,15,875.04,,,
Pittsfield,05/20/2020,153,345.55,,,
Plainfield,05/20/2020,0,0,,,
Plainville,05/20/2020,57,624.75,,,
Plymouth,05/20/2020,487,785.03,,,
Plympton,05/20/2020,8,267.64,,,
Princeton,05/20/2020,<5,*,,,
Provincetown,05/20/2020,22,838.46,,,
Quincy,05/20/2020,1019,1007.51,,,
Randolph,05/20/2020,864,2524.91,,,
Raynham,05/20/2020,218,1459.46,,,
Reading,05/20/2020,270,982.39,,,
Rehoboth,05/20/2020,49,388.4,,,
Revere,05/20/2020,1506,2472.24,,,
Richmond,05/20/2020,5,376.53,,,
Rochester,05/20/2020,26,461.19,,,
Rockland,05/20/2020,262,1452.61,,,
Rockport,05/20/2020,74,1129.05,,,
Rowe,05/20/2020,0,0,,,
Rowley,05/20/2020,34,550.73,,,
Royalston,05/20/2020,<5,*,,,
Russell,05/20/2020,11,582.93,,,
Rutland,05/20/2020,43,477.3,,,
Salem,05/20/2020,550,1221.72,,,
Salisbury,05/20/2020,49,554.26,,,
Sandisfield,05/20/2020,<5,*,,,
Sandwich,05/20/2020,80,380.32,,,
Saugus,05/20/2020,480,1688.63,,,
Savoy,05/20/2020,<5,*,,,
Scituate,05/20/2020,131,722.9,,,
Seekonk,05/20/2020,70,499.92,,,
Sharon,05/20/2020,125,682.66,,,
Sheffield,05/20/2020,15,485.9,,,
Shelburne,05/20/2020,8,432.6,,,
Sherborn,05/20/2020,11,286.66,,,
Shirley,05/20/2020,158,1874.46,,,
Shrewsbury,05/20/2020,291,738.6,,,
Shutesbury,05/20/2020,<5,*,,,
Somerset,05/20/2020,136,734.83,,,
Somerville,05/20/2020,799,1043.92,,,
South Hadley,05/20/2020,130,718.27,,,
Southampton,05/20/2020,29,482.89,,,
Southborough,05/20/2020,40,411.41,,,
Southbridge,05/20/2020,108,641.21,,,
Southwick,05/20/2020,48,490.13,,,
Spencer,05/20/2020,41,355.9,,,
Springfield,05/20/2020,2186,1380.63,,,
Sterling,05/20/2020,101,1282.81,,,
Stockbridge,05/20/2020,14,802.96,,,
Stoneham,05/20/2020,342,1533.36,,,
Stoughton,05/20/2020,557,2013.92,,,
Stow,05/20/2020,29,402.23,,,
Sturbridge,05/20/2020,33,316.03,,,
Sudbury,05/20/2020,174,971.86,,,
Sunderland,05/20/2020,8,210.44,,,
Sutton,05/20/2020,46,511.99,,,
Swampscott,05/20/2020,119,868.19,,,
Swansea,05/20/2020,90,563.57,,,
Taunton,05/20/2020,854,1490.95,,,
Templeton,05/20/2020,110,1231.67,,,
Tewksbury,05/20/2020,543,1763.52,,,
Tisbury,05/20/2020,6,144.18,,,
Tolland,05/20/2020,<5,*,,,
Topsfield,05/20/2020,106,1813.85,,,
Townsend,05/20/2020,29,316.98,,,
Truro,05/20/2020,9,455.74,,,
Tyngsborough,05/20/2020,81,675.52,,,
Tyringham,05/20/2020,<5,*,,,
Upton,05/20/2020,22,243.34,,,
Uxbridge,05/20/2020,64,415.23,,,
Wakefield,05/20/2020,286,1059.07,,,
Wales,05/20/2020,<5,*,,,
Walpole,05/20/2020,217,837.82,,,
Waltham,05/20/2020,1071,1606.67,,,
Ware,05/20/2020,25,246.58,,,
Wareham,05/20/2020,191,797.47,,,
Warren,05/20/2020,16,295.1,,,
Warwick,05/20/2020,0,0,,,
Washington,05/20/2020,<5,*,,,
Watertown,05/20/2020,347,1046.04,,,
Wayland,05/20/2020,97,730.31,,,
Webster,05/20/2020,148,860.92,,,
Wellesley,05/20/2020,215,723.06,,,
Wellfleet,05/20/2020,5,181.25,,,
Wendell,05/20/2020,0,0,,,
Wenham,05/20/2020,17,326.54,,,
West Boylston,05/20/2020,37,471.33,,,
West Bridgewater,05/20/2020,120,1655.74,,,
West Brookfield,05/20/2020,16,431.32,,,
West Newbury,05/20/2020,6,147,,,
West Springfield,05/20/2020,303,1028.61,,,
West Stockbridge,05/20/2020,<5,*,,,
West Tisbury,05/20/2020,7,242.81,,,
Westborough,05/20/2020,319,1693.01,,,
Westfield,05/20/2020,416,1000.52,,,
Westford,05/20/2020,130,561.81,,,
Westhampton,05/20/2020,<5,*,,,
Westminster,05/20/2020,25,340.96,,,
Weston,05/20/2020,103,928.45,,,
Westport,05/20/2020,68,408.56,,,
Westwood,05/20/2020,112,759.87,,,
Weymouth,05/20/2020,647,1154.05,,,
Whately,05/20/2020,<5,*,,,
Whitman,05/20/2020,174,1128.42,,,
Wilbraham,05/20/2020,195,1340.9,,,
Williamsburg,05/20/2020,10,405.37,,,
Williamstown,05/20/2020,81,1099.24,,,
Wilmington,05/20/2020,310,1271.89,,,
Winchendon,05/20/2020,74,688.59,,,
Winchester,05/20/2020,102,456.91,,,
Windsor,05/20/2020,0,0,,,
Winthrop,05/20/2020,229,1215.03,,,
Woburn,05/20/2020,531,1279.8,,,
Worcester,05/20/2020,4299,2240.6,,,
Worthington,05/20/2020,0,0,,,
Wrentham,05/20/2020,182,1614.27,,,
Yarmouth,05/20/2020,101,420.43,,,
Unknown,05/20/2020,284,*,,,
State,05/20/2020,88970,1277.06,,,
Abington,04/22/2020,78,434.28,,,
Acton,04/22/2020,50,210.68,,,
Acushnet,04/22/2020,18,172.19,,,
Adams,04/22/2020,29,350.21,,,
Agawam,04/22/2020,244,853.02,,,
Alford,04/22/2020,0,0,,,
Amesbury,04/22/2020,32,192.25,,,
Amherst,04/22/2020,16,39.51,,,
Andover,04/22/2020,85,236.01,,,
Aquinnah,04/22/2020,0,0,,,
Arlington,04/22/2020,180,392.94,,,
Ashburnham,04/22/2020,12,191.09,,,
Ashby,04/22/2020,7,202.46,,,
Ashfield,04/22/2020,<5,*,,,
Ashland,04/22/2020,84,430.93,,,
Athol,04/22/2020,34,284.16,,,
Attleboro,04/22/2020,281,607.33,,,
Auburn,04/22/2020,45,272.85,,,
Avon,04/22/2020,39,890.27,,,
Ayer,04/22/2020,33,408.42,,,
Barnstable,04/22/2020,133,296.57,,,
Barre,04/22/2020,24,431.83,,,
Becket,04/22/2020,10,555.42,,,
Bedford,04/22/2020,117,785.43,,,
Belchertown,04/22/2020,40,251.21,,,
Bellingham,04/22/2020,44,246.14,,,
Belmont,04/22/2020,141,516.37,,,
Berkley,04/22/2020,21,309.73,,,
Berlin,04/22/2020,10,313.16,,,
Bernardston,04/22/2020,<5,*,,,
Beverly,04/22/2020,241,585.43,,,
Billerica,04/22/2020,261,598.86,,,
Blackstone,04/22/2020,20,221.13,,,
Blandford,04/22/2020,0,*,,,
Bolton,04/22/2020,5,*,,,
Boston,04/22/2020,6744,970.4,,,
Bourne,04/22/2020,99,473.23,,,
Boxborough,04/22/2020,9,176.21,,,
Boxford,04/22/2020,25,323.95,,,
Boylston,04/22/2020,9,200.5,,,
Braintree,04/22/2020,418,1062,,,
Brewster,04/22/2020,64,645.66,,,
Bridgewater,04/22/2020,141,495.66,,,
Brimfield,04/22/2020,<5,*,,,
Brockton,04/22/2020,1763,1794.43,,,
Brookfield,04/22/2020,5,136.55,,,
Brookline,04/22/2020,216,335.48,,,
Buckland,04/22/2020,6,*,,,
Burlington,04/22/2020,131,473.89,,,
Cambridge,04/22/2020,672,595.82,,,
Canton,04/22/2020,157,680.7,,,
Carlisle,04/22/2020,7,146.79,,,
Carver,04/22/2020,19,156.04,,,
Charlemont,04/22/2020,0,0,,,
Charlton,04/22/2020,26,184.76,,,
Chatham,04/22/2020,8,136.61,,,
Chelmsford,04/22/2020,174,483.58,,,
Chelsea,04/22/2020,1447,3841.8,,,
Cheshire,04/22/2020,<5,*,,,
Chester,04/22/2020,<5,*,,,
Chesterfield,04/22/2020,<5,*,,,
Chicopee,04/22/2020,176,308.69,,,
Chilmark,04/22/2020,0,0,,,
Clarksburg,04/22/2020,7,415.82,,,
Clinton,04/22/2020,54,383.65,,,
Cohasset,04/22/2020,15,202.72,,,
Colrain,04/22/2020,<5,*,,,
Concord,04/22/2020,63,336.45,,,
Conway,04/22/2020,<5,*,,,
Cummington,04/22/2020,<5,*,,,
Dalton,04/22/2020,6,91.99,,,
Danvers,04/22/2020,316,1106.6,,,
Dartmouth,04/22/2020,66,179.25,,,
Dedham,04/22/2020,174,641.48,,,
Deerfield,04/22/2020,<5,*,,,
Dennis,04/22/2020,42,317.61,,,
Dighton,04/22/2020,20,254.91,,,
Douglas,04/22/2020,18,191.5,,,
Dover,04/22/2020,14,268.65,,,
Dracut,04/22/2020,229,708.86,,,
Dudley,04/22/2020,27,218.03,,,
Dunstable,04/22/2020,7,*,,,
Duxbury,04/22/2020,33,218.06,,,
East Bridgewater,04/22/2020,102,691.23,,,
East Brookfield,04/22/2020,<5,*,,,
East Longmeadow,04/22/2020,116,685.8,,,
Eastham,04/22/2020,7,150.65,,,
Easthampton,04/22/2020,37,228.2,,,
Easton,04/22/2020,162,683.59,,,
Edgartown,04/22/2020,0,*,,,
Egremont,04/22/2020,<5,*,,,
Erving,04/22/2020,<5,*,,,
Essex,04/22/2020,12,322.52,,,
Everett,04/22/2020,716,1475.18,,,
Fairhaven,04/22/2020,45,280.71,,,
Fall River,04/22/2020,191,213.53,,,
Falmouth,04/22/2020,110,351.98,,,
Fitchburg,04/22/2020,148,351.1,,,
Florida,04/22/2020,<5,*,,,
Foxborough,04/22/2020,54,298.13,,,
Framingham,04/22/2020,438,588.19,,,
Franklin,04/22/2020,55,162.66,,,
Freetown,04/22/2020,25,276.3,,,
Gardner,04/22/2020,74,370.19,,,
Georgetown,04/22/2020,24,268.64,,,
Gill,04/22/2020,<5,*,,,
Gloucester,04/22/2020,111,387.77,,,
Goshen,04/22/2020,0,*,,,
Gosnold,04/22/2020,0,0,,,
Grafton,04/22/2020,41,205.57,,,
Granby,04/22/2020,13,211.67,,,
Granville,04/22/2020,7,449.78,,,
Great Barrington,04/22/2020,37,544.46,,,
Greenfield,04/22/2020,122,702.59,,,
Groton,04/22/2020,15,128.81,,,
Groveland,04/22/2020,8,117.07,,,
Hadley,04/22/2020,17,295.63,,,
Halifax,04/22/2020,22,287.91,,,
Hamilton,04/22/2020,14,187.32,,,
Hampden,04/22/2020,14,283.36,,,
Hancock,04/22/2020,<5,*,,,
Hanover,04/22/2020,38,265.27,,,
Hanson,04/22/2020,44,410.96,,,
Hardwick,04/22/2020,<5,*,,,
Harvard,04/22/2020,13,187.66,,,
Harwich,04/22/2020,30,238.8,,,
Hatfield,04/22/2020,6,*,,,
Haverhill,04/22/2020,385,584.7,,,
Hawley,04/22/2020,0,0,,,
Heath,04/22/2020,0,0,,,
Hingham,04/22/2020,108,454.02,,,
Hinsdale,04/22/2020,<5,*,,,
Holbrook,04/22/2020,83,734.84,,,
Holden,04/22/2020,34,180.27,,,
Holland,04/22/2020,5,195.29,,,
Holliston,04/22/2020,21,152.35,,,
Holyoke,04/22/2020,474,1150.36,,,
Hopedale,04/22/2020,8,140.87,,,
Hopkinton,04/22/2020,65,398.42,,,
Hubbardston,04/22/2020,<5,*,,,
Hudson,04/22/2020,73,348.51,,,
Hull,04/22/2020,17,172.13,,,
Huntington,04/22/2020,6,271.33,,,
Ipswich,04/22/2020,33,245.41,,,
Kingston,04/22/2020,50,368.64,,,
Lakeville,04/22/2020,27,239.14,,,
Lancaster,04/22/2020,12,140.06,,,
Lanesborough,04/22/2020,5,*,,,
Lawrence,04/22/2020,1205,1366.59,,,
Lee,04/22/2020,11,187.08,,,
Leicester,04/22/2020,58,514.92,,,
Lenox,04/22/2020,11,225.47,,,
Leominster,04/22/2020,128,315.33,,,
Leverett,04/22/2020,<5,*,,,
Lexington,04/22/2020,218,640.33,,,
Leyden,04/22/2020,0,0,,,
Lincoln,04/22/2020,25,288.92,,,
Littleton,04/22/2020,69,710.01,,,
Longmeadow,04/22/2020,159,1025.16,,,
Lowell,04/22/2020,1235,1056.83,,,
Ludlow,04/22/2020,47,225.27,,,
Lunenburg,04/22/2020,24,230.62,,,
Lynn,04/22/2020,1387,1374.58,,,
Lynnfield,04/22/2020,56,480.73,,,
Malden,04/22/2020,560,826.52,,,
Manchester,04/22/2020,12,242.6,,,
Mansfield,04/22/2020,87,368.08,,,
Marblehead,04/22/2020,65,338.23,,,
Marion,04/22/2020,<5,*,,,
Marlborough,04/22/2020,295,679.11,,,
Marshfield,04/22/2020,83,320.96,,,
Mashpee,04/22/2020,34,221.1,,,
Mattapoisett,04/22/2020,9,155.67,,,
Maynard,04/22/2020,24,230,,,
Medfield,04/22/2020,23,201.75,,,
Medford,04/22/2020,590,970.16,,,
Medway,04/22/2020,46,351.68,,,
Melrose,04/22/2020,126,435.65,,,
Mendon,04/22/2020,10,172.62,,,
Merrimac,04/22/2020,8,*,,,
Methuen,04/22/2020,409,763.76,,,
Middleborough,04/22/2020,72,267.44,,,
Middlefield,04/22/2020,0,0,,,
Middleton,04/22/2020,89,862.46,,,
Milford,04/22/2020,114,389.04,,,
Millbury,04/22/2020,117,856.7,,,
Millis,04/22/2020,27,341.96,,,
Millville,04/22/2020,7,*,,,
Milton,04/22/2020,141,492.49,,,
Monroe,04/22/2020,0,0,,,
Monson,04/22/2020,14,165.97,,,
Montague,04/22/2020,14,163.77,,,
Monterey,04/22/2020,0,0,,,
Montgomery,04/22/2020,<5,*,,,
Mount Washington,04/22/2020,0,0,,,
Nahant,04/22/2020,28,855.77,,,
Nantucket,04/22/2020,9,79.37,,,
Natick,04/22/2020,214,595.73,,,
Needham,04/22/2020,156,532.2,,,
New Ashford,04/22/2020,0,0,,,
New Bedford,04/22/2020,212,212.95,,,
New Braintree,04/22/2020,<5,*,,,
New Marlborough,04/22/2020,<5,*,,,
New Salem,04/22/2020,0,0,,,
Newbury,04/22/2020,<5,*,,,
Newburyport,04/22/2020,38,213.44,,,
Newton,04/22/2020,455,496.03,,,
Norfolk,04/22/2020,14,113.4,,,
North Adams,04/22/2020,39,298.69,,,
North Andover,04/22/2020,121,400.02,,,
North Attleborough,04/22/2020,107,354.13,,,
North Brookfield,04/22/2020,5,*,,,
North Reading,04/22/2020,119,719.7,,,
Northampton,04/22/2020,119,407.1,,,
Northborough,04/22/2020,74,540.51,,,
Northbridge,04/22/2020,90,500.44,,,
Northfield,04/22/2020,<5,*,,,
Norton,04/22/2020,66,332.28,,,
Norwell,04/22/2020,52,485.76,,,
Norwood,04/22/2020,316,1049.41,,,
Oak Bluffs,04/22/2020,<5,*,,,
Oakham,04/22/2020,<5,*,,,
Orange,04/22/2020,25,306.27,,,
Orleans,04/22/2020,11,194.76,,,
Otis,04/22/2020,<5,*,,,
Oxford,04/22/2020,23,166.88,,,
Palmer,04/22/2020,14,117.7,,,
Paxton,04/22/2020,9,181.85,,,
Peabody,04/22/2020,380,681.42,,,
Pelham,04/22/2020,<5,*,,,
Pembroke,04/22/2020,44,235.63,,,
Pepperell,04/22/2020,21,171,,,
Peru,04/22/2020,<5,*,,,
Petersham,04/22/2020,<5,*,,,
Phillipston,04/22/2020,7,408.35,,,
Pittsfield,04/22/2020,120,271.02,,,
Plainfield,04/22/2020,0,0,,,
Plainville,04/22/2020,32,350.73,,,
Plymouth,04/22/2020,152,245.02,,,
Plympton,04/22/2020,<5,*,,,
Princeton,04/22/2020,<5,*,,,
Provincetown,04/22/2020,18,686.01,,,
Quincy,04/22/2020,551,544.79,,,
Randolph,04/22/2020,481,1405.65,,,
Raynham,04/22/2020,110,736.42,,,
Reading,04/22/2020,118,429.34,,,
Rehoboth,04/22/2020,27,214.02,,,
Revere,04/22/2020,759,1245.97,,,
Richmond,04/22/2020,5,376.53,,,
Rochester,04/22/2020,8,141.9,,,
Rockland,04/22/2020,133,737.4,,,
Rockport,04/22/2020,24,366.18,,,
Rowe,04/22/2020,0,0,,,
Rowley,04/22/2020,16,259.17,,,
Royalston,04/22/2020,<5,*,,,
Russell,04/22/2020,9,476.94,,,
Rutland,04/22/2020,22,244.2,,,
Salem,04/22/2020,277,615.3,,,
Salisbury,04/22/2020,19,214.92,,,
Sandisfield,04/22/2020,<5,*,,,
Sandwich,04/22/2020,57,270.98,,,
Saugus,04/22/2020,194,682.49,,,
Savoy,04/22/2020,<5,*,,,
Scituate,04/22/2020,54,297.99,,,
Seekonk,04/22/2020,34,242.82,,,
Sharon,04/22/2020,69,376.83,,,
Sheffield,04/22/2020,11,356.33,,,
Shelburne,04/22/2020,5,270.38,,,
Sherborn,04/22/2020,5,*,,,
Shirley,04/22/2020,25,296.59,,,
Shrewsbury,04/22/2020,147,373.11,,,
Shutesbury,04/22/2020,<5,*,,,
Somerset,04/22/2020,38,205.32,,,
Somerville,04/22/2020,415,542.21,,,
South Hadley,04/22/2020,46,254.16,,,
Southampton,04/22/2020,24,399.63,,,
Southborough,04/22/2020,21,215.99,,,
Southbridge,04/22/2020,42,249.36,,,
Southwick,04/22/2020,25,255.28,,,
Spencer,04/22/2020,11,95.48,,,
Springfield,04/22/2020,835,527.37,,,
Sterling,04/22/2020,16,203.22,,,
Stockbridge,04/22/2020,6,344.13,,,
Stoneham,04/22/2020,180,807.03,,,
Stoughton,04/22/2020,305,1102.77,,,
Stow,04/22/2020,9,124.83,,,
Sturbridge,04/22/2020,21,201.11,,,
Sudbury,04/22/2020,55,307.2,,,
Sunderland,04/22/2020,7,184.14,,,
Sutton,04/22/2020,20,222.61,,,
Swampscott,04/22/2020,77,561.77,,,
Swansea,04/22/2020,31,194.12,,,
Taunton,04/22/2020,351,612.79,,,
Templeton,04/22/2020,84,940.55,,,
Tewksbury,04/22/2020,204,662.54,,,
Tisbury,04/22/2020,<5,*,,,
Tolland,04/22/2020,0,0,,,
Topsfield,04/22/2020,76,1300.49,,,
Townsend,04/22/2020,17,185.81,,,
Truro,04/22/2020,9,455.74,,,
Tyngsborough,04/22/2020,63,525.4,,,
Tyringham,04/22/2020,<5,*,,,
Upton,04/22/2020,13,143.79,,,
Uxbridge,04/22/2020,29,188.15,,,
Wakefield,04/22/2020,181,670.25,,,
Wales,04/22/2020,<5,*,,,
Walpole,04/22/2020,145,559.83,,,
Waltham,04/22/2020,542,813.09,,,
Ware,04/22/2020,10,98.63,,,
Wareham,04/22/2020,78,325.67,,,
Warren,04/22/2020,<5,*,,,
Warwick,04/22/2020,0,0,,,
Washington,04/22/2020,<5,*,,,
Watertown,04/22/2020,163,491.37,,,
Wayland,04/22/2020,50,376.45,,,
Webster,04/22/2020,48,279.22,,,
Wellesley,04/22/2020,164,551.54,,,
Wellfleet,04/22/2020,<5,*,,,
Wendell,04/22/2020,0,0,,,
Wenham,04/22/2020,8,153.67,,,
West Boylston,04/22/2020,21,267.51,,,
West Bridgewater,04/22/2020,32,441.53,,,
West Brookfield,04/22/2020,6,161.74,,,
West Newbury,04/22/2020,<5,*,,,
West Springfield,04/22/2020,171,580.5,,,
West Stockbridge,04/22/2020,<5,*,,,
West Tisbury,04/22/2020,7,242.81,,,
Westborough,04/22/2020,133,705.86,,,
Westfield,04/22/2020,270,649.38,,,
Westford,04/22/2020,93,401.91,,,
Westhampton,04/22/2020,<5,*,,,
Westminster,04/22/2020,13,177.3,,,
Weston,04/22/2020,66,594.93,,,
Westport,04/22/2020,16,96.13,,,
Westwood,04/22/2020,67,454.56,,,
Weymouth,04/22/2020,360,642.13,,,
Whately,04/22/2020,<5,*,,,
Whitman,04/22/2020,87,564.21,,,
Wilbraham,04/22/2020,91,625.75,,,
Williamsburg,04/22/2020,5,202.69,,,
Williamstown,04/22/2020,81,1099.24,,,
Wilmington,04/22/2020,184,754.93,,,
Winchendon,04/22/2020,41,381.51,,,
Winchester,04/22/2020,60,268.77,,,
Windsor,04/22/2020,0,0,,,
Winthrop,04/22/2020,110,583.64,,,
Woburn,04/22/2020,220,530.24,,,
Worcester,04/22/2020,1457,759.37,,,
Worthington,04/22/2020,0,0,,,
Wrentham,04/22/2020,46,408,,,
Yarmouth,04/22/2020,52,216.46,,,
Unknown,04/22/2020,854,*,,,
State,04/22/2020,42944,616.41,,,
Abington,04/29/2020,143,796.17,,,
Acton,04/29/2020,74,311.81,,,
Acushnet,04/29/2020,35,334.82,,,
Adams,04/29/2020,32,386.44,,,
Agawam,04/29/2020,317,1108.22,,,
Alford,04/29/2020,0,0,,,
Amesbury,04/29/2020,72,432.55,,,
Amherst,04/29/2020,83,204.95,,,
Andover,04/29/2020,158,438.7,,,
Aquinnah,04/29/2020,0,0,,,
Arlington,04/29/2020,218,475.89,,,
Ashburnham,04/29/2020,16,254.78,,,
Ashby,04/29/2020,8,231.38,,,
Ashfield,04/29/2020,<5,*,,,
Ashland,04/29/2020,128,656.65,,,
Athol,04/29/2020,38,317.59,,,
Attleboro,04/29/2020,443,957.47,,,
Auburn,04/29/2020,55,333.49,,,
Avon,04/29/2020,48,1095.72,,,
Ayer,04/29/2020,40,495.05,,,
Barnstable,04/29/2020,187,416.99,,,
Barre,04/29/2020,37,665.73,,,
Becket,04/29/2020,11,610.96,,,
Bedford,04/29/2020,152,1020.38,,,
Belchertown,04/29/2020,62,389.38,,,
Bellingham,04/29/2020,78,436.33,,,
Belmont,04/29/2020,162,593.27,,,
Berkley,04/29/2020,33,486.71,,,
Berlin,04/29/2020,15,469.74,,,
Bernardston,04/29/2020,<5,*,,,
Beverly,04/29/2020,363,881.78,,,
Billerica,04/29/2020,346,793.89,,,
Blackstone,04/29/2020,23,254.3,,,
Blandford,04/29/2020,0,0,,,
Bolton,04/29/2020,9,178.13,,,
Boston,04/29/2020,9284,1335.89,,,
Bourne,04/29/2020,121,578.39,,,
Boxborough,04/29/2020,13,254.52,,,
Boxford,04/29/2020,28,362.83,,,
Boylston,04/29/2020,10,222.77,,,
Braintree,04/29/2020,570,1448.18,,,
Brewster,04/29/2020,87,877.69,,,
Bridgewater,04/29/2020,183,643.3,,,
Brimfield,04/29/2020,<5,*,,,
Brockton,04/29/2020,2735,2783.76,,,
Brookfield,04/29/2020,6,163.86,,,
Brookline,04/29/2020,263,408.48,,,
Buckland,04/29/2020,7,376.25,,,
Burlington,04/29/2020,173,625.83,,,
Cambridge,04/29/2020,773,685.37,,,
Canton,04/29/2020,219,949.5,,,
Carlisle,04/29/2020,7,146.79,,,
Carver,04/29/2020,26,213.53,,,
Charlemont,04/29/2020,0,0,,,
Charlton,04/29/2020,38,270.04,,,
Chatham,04/29/2020,11,187.84,,,
Chelmsford,04/29/2020,229,636.44,,,
Chelsea,04/29/2020,1965,5217.1,,,
Cheshire,04/29/2020,<5,*,,,
Chester,04/29/2020,6,442.11,,,
Chesterfield,04/29/2020,<5,*,,,
Chicopee,04/29/2020,248,434.97,,,
Chilmark,04/29/2020,<5,*,,,
Clarksburg,04/29/2020,7,415.82,,,
Clinton,04/29/2020,87,618.11,,,
Cohasset,04/29/2020,18,243.26,,,
Colrain,04/29/2020,<5,*,,,
Concord,04/29/2020,117,624.83,,,
Conway,04/29/2020,<5,*,,,
Cummington,04/29/2020,<5,*,,,
Dalton,04/29/2020,6,91.99,,,
Danvers,04/29/2020,467,1635.39,,,
Dartmouth,04/29/2020,161,437.27,,,
Dedham,04/29/2020,239,881.11,,,
Deerfield,04/29/2020,6,112.52,,,
Dennis,04/29/2020,51,385.67,,,
Dighton,04/29/2020,35,446.1,,,
Douglas,04/29/2020,26,276.61,,,
Dover,04/29/2020,14,268.65,,,
Dracut,04/29/2020,296,916.26,,,
Dudley,04/29/2020,40,323,,,
Dunstable,04/29/2020,7,210.08,,,
Duxbury,04/29/2020,47,310.57,,,
East Bridgewater,04/29/2020,127,860.64,,,
East Brookfield,04/29/2020,6,267.68,,,
East Longmeadow,04/29/2020,178,1052.35,,,
Eastham,04/29/2020,10,215.22,,,
Easthampton,04/29/2020,50,308.38,,,
Easton,04/29/2020,195,822.84,,,
Edgartown,04/29/2020,<5,*,,,
Egremont,04/29/2020,<5,*,,,
Erving,04/29/2020,<5,*,,,
Essex,04/29/2020,15,403.15,,,
Everett,04/29/2020,1004,2068.55,,,
Fairhaven,04/29/2020,92,573.9,,,
Fall River,04/29/2020,481,537.75,,,
Falmouth,04/29/2020,124,396.78,,,
Fitchburg,04/29/2020,238,564.61,,,
Florida,04/29/2020,<5,*,,,
Foxborough,04/29/2020,77,425.11,,,
Framingham,04/29/2020,816,1095.8,,,
Franklin,04/29/2020,86,254.35,,,
Freetown,04/29/2020,54,596.8,,,
Gardner,04/29/2020,104,520.26,,,
Georgetown,04/29/2020,29,324.61,,,
Gill,04/29/2020,<5,*,,,
Gloucester,04/29/2020,143,499.56,,,
Goshen,04/29/2020,<5,*,,,
Gosnold,04/29/2020,0,0,,,
Grafton,04/29/2020,52,260.73,,,
Granby,04/29/2020,18,293.09,,,
Granville,04/29/2020,8,514.04,,,
Great Barrington,04/29/2020,46,676.89,,,
Greenfield,04/29/2020,157,904.15,,,
Groton,04/29/2020,22,188.92,,,
Groveland,04/29/2020,14,204.87,,,
Hadley,04/29/2020,27,469.54,,,
Halifax,04/29/2020,25,327.17,,,
Hamilton,04/29/2020,21,280.97,,,
Hampden,04/29/2020,16,323.84,,,
Hancock,04/29/2020,<5,*,,,
Hanover,04/29/2020,44,307.16,,,
Hanson,04/29/2020,66,616.43,,,
Hardwick,04/29/2020,<5,*,,,
Harvard,04/29/2020,14,202.1,,,
Harwich,04/29/2020,36,286.55,,,
Hatfield,04/29/2020,8,246.37,,,
Haverhill,04/29/2020,600,911.22,,,
Hawley,04/29/2020,0,0,,,
Heath,04/29/2020,0,0,,,
Hingham,04/29/2020,148,622.17,,,
Hinsdale,04/29/2020,<5,*,,,
Holbrook,04/29/2020,135,1195.21,,,
Holden,04/29/2020,50,265.1,,,
Holland,04/29/2020,5,195.29,,,
Holliston,04/29/2020,34,246.65,,,
Holyoke,04/29/2020,596,1446.45,,,
Hopedale,04/29/2020,17,299.35,,,
Hopkinton,04/29/2020,108,661.99,,,
Hubbardston,04/29/2020,<5,*,,,
Hudson,04/29/2020,99,472.63,,,
Hull,04/29/2020,32,324,,,
Huntington,04/29/2020,9,406.99,,,
Ipswich,04/29/2020,46,342.09,,,
Kingston,04/29/2020,61,449.74,,,
Lakeville,04/29/2020,41,363.13,,,
Lancaster,04/29/2020,54,630.27,,,
Lanesborough,04/29/2020,5,164.14,,,
Lawrence,04/29/2020,1639,1858.78,,,
Lee,04/29/2020,15,255.11,,,
Leicester,04/29/2020,91,807.89,,,
Lenox,04/29/2020,12,245.97,,,
Leominster,04/29/2020,207,509.95,,,
Leverett,04/29/2020,<5,*,,,
Lexington,04/29/2020,257,754.88,,,
Leyden,04/29/2020,0,0,,,
Lincoln,04/29/2020,25,288.92,,,
Littleton,04/29/2020,76,782.04,,,
Longmeadow,04/29/2020,177,1141.22,,,
Lowell,04/29/2020,1649,1411.11,,,
Ludlow,04/29/2020,59,282.78,,,
Lunenburg,04/29/2020,34,326.71,,,
Lynn,04/29/2020,2056,2037.6,,,
Lynnfield,04/29/2020,73,626.66,,,
Malden,04/29/2020,751,1108.43,,,
Manchester,04/29/2020,13,262.82,,,
Mansfield,04/29/2020,110,465.39,,,
Marblehead,04/29/2020,118,614.02,,,
Marion,04/29/2020,7,150.85,,,
Marlborough,04/29/2020,429,987.59,,,
Marshfield,04/29/2020,106,409.91,,,
Mashpee,04/29/2020,37,240.61,,,
Mattapoisett,04/29/2020,15,259.45,,,
Maynard,04/29/2020,35,335.42,,,
Medfield,04/29/2020,28,245.61,,,
Medford,04/29/2020,756,1243.13,,,
Medway,04/29/2020,61,466.36,,,
Melrose,04/29/2020,157,542.84,,,
Mendon,04/29/2020,14,241.67,,,
Merrimac,04/29/2020,16,250.39,,,
Methuen,04/29/2020,576,1075.61,,,
Middleborough,04/29/2020,123,456.88,,,
Middlefield,04/29/2020,0,0,,,
Middleton,04/29/2020,109,1056.27,,,
Milford,04/29/2020,316,1078.38,,,
Millbury,04/29/2020,144,1054.4,,,
Millis,04/29/2020,32,405.28,,,
Millville,04/29/2020,10,281.63,,,
Milton,04/29/2020,195,681.11,,,
Monroe,04/29/2020,0,0,,,
Monson,04/29/2020,18,213.39,,,
Montague,04/29/2020,19,222.26,,,
Monterey,04/29/2020,0,0,,,
Montgomery,04/29/2020,<5,*,,,
Mount Washington,04/29/2020,0,0,,,
Nahant,04/29/2020,29,886.33,,,
Nantucket,04/29/2020,11,97.01,,,
Natick,04/29/2020,280,779.45,,,
Needham,04/29/2020,217,740.31,,,
New Ashford,04/29/2020,0,0,,,
New Bedford,04/29/2020,579,581.59,,,
New Braintree,04/29/2020,<5,*,,,
New Marlborough,04/29/2020,<5,*,,,
New Salem,04/29/2020,0,0,,,
Newbury,04/29/2020,6,90.24,,,
Newburyport,04/29/2020,46,258.37,,,
Newton,04/29/2020,553,602.87,,,
Norfolk,04/29/2020,18,145.8,,,
North Adams,04/29/2020,42,321.67,,,
North Andover,04/29/2020,170,562.01,,,
North Attleborough,04/29/2020,158,522.92,,,
North Brookfield,04/29/2020,7,150.65,,,
North Reading,04/29/2020,141,852.75,,,
Northampton,04/29/2020,167,571.3,,,
Northborough,04/29/2020,130,949.54,,,
Northbridge,04/29/2020,117,650.57,,,
Northfield,04/29/2020,0,0,,,
Norton,04/29/2020,86,432.97,,,
Norwell,04/29/2020,77,719.3,,,
Norwood,04/29/2020,390,1295.15,,,
Oak Bluffs,04/29/2020,<5,*,,,
Oakham,04/29/2020,<5,*,,,
Orange,04/29/2020,26,318.52,,,
Orleans,04/29/2020,13,230.17,,,
Otis,04/29/2020,<5,*,,,
Oxford,04/29/2020,29,210.41,,,
Palmer,04/29/2020,23,193.37,,,
Paxton,04/29/2020,13,262.67,,,
Peabody,04/29/2020,611,1095.66,,,
Pelham,04/29/2020,<5,*,,,
Pembroke,04/29/2020,52,278.47,,,
Pepperell,04/29/2020,28,228,,,
Peru,04/29/2020,<5,*,,,
Petersham,04/29/2020,5,394.7,,,
Phillipston,04/29/2020,8,466.69,,,
Pittsfield,04/29/2020,131,295.86,,,
Plainfield,04/29/2020,0,0,,,
Plainville,04/29/2020,39,427.46,,,
Plymouth,04/29/2020,222,357.86,,,
Plympton,04/29/2020,5,167.28,,,
Princeton,04/29/2020,<5,*,,,
Provincetown,04/29/2020,21,800.34,,,
Quincy,04/29/2020,767,758.35,,,
Randolph,04/29/2020,643,1879.07,,,
Raynham,04/29/2020,176,1178.28,,,
Reading,04/29/2020,190,691.31,,,
Rehoboth,04/29/2020,32,253.65,,,
Revere,04/29/2020,1123,1843.51,,,
Richmond,04/29/2020,5,376.53,,,
Rochester,04/29/2020,14,248.33,,,
Rockland,04/29/2020,206,1142.13,,,
Rockport,04/29/2020,33,503.49,,,
Rowe,04/29/2020,0,0,,,
Rowley,04/29/2020,28,453.54,,,
Royalston,04/29/2020,<5,*,,,
Russell,04/29/2020,8,423.95,,,
Rutland,04/29/2020,28,310.8,,,
Salem,04/29/2020,369,819.66,,,
Salisbury,04/29/2020,33,373.28,,,
Sandisfield,04/29/2020,<5,*,,,
Sandwich,04/29/2020,66,313.77,,,
Saugus,04/29/2020,298,1048.36,,,
Savoy,04/29/2020,<5,*,,,
Scituate,04/29/2020,62,342.13,,,
Seekonk,04/29/2020,43,307.09,,,
Sharon,04/29/2020,91,496.98,,,
Sheffield,04/29/2020,11,356.33,,,
Shelburne,04/29/2020,6,324.45,,,
Sherborn,04/29/2020,10,260.6,,,
Shirley,04/29/2020,115,1364.32,,,
Shrewsbury,04/29/2020,183,464.48,,,
Shutesbury,04/29/2020,<5,*,,,
Somerset,04/29/2020,61,329.59,,,
Somerville,04/29/2020,573,748.64,,,
South Hadley,04/29/2020,51,281.78,,,
Southampton,04/29/2020,25,416.28,,,
Southborough,04/29/2020,27,277.7,,,
Southbridge,04/29/2020,53,314.67,,,
Southwick,04/29/2020,39,398.23,,,
Spencer,04/29/2020,23,199.65,,,
Springfield,04/29/2020,1317,831.79,,,
Sterling,04/29/2020,26,330.23,,,
Stockbridge,04/29/2020,10,573.54,,,
Stoneham,04/29/2020,260,1165.71,,,
Stoughton,04/29/2020,401,1449.88,,,
Stow,04/29/2020,16,221.92,,,
Sturbridge,04/29/2020,24,229.84,,,
Sudbury,04/29/2020,76,424.49,,,
Sunderland,04/29/2020,9,236.75,,,
Sutton,04/29/2020,25,278.26,,,
Swampscott,04/29/2020,97,707.68,,,
Swansea,04/29/2020,54,338.14,,,
Taunton,04/29/2020,558,974.18,,,
Templeton,04/29/2020,93,1041.32,,,
Tewksbury,04/29/2020,357,1159.44,,,
Tisbury,04/29/2020,<5,*,,,
Tolland,04/29/2020,<5,*,,,
Topsfield,04/29/2020,87,1488.72,,,
Townsend,04/29/2020,21,229.54,,,
Truro,04/29/2020,9,455.74,,,
Tyngsborough,04/29/2020,72,600.46,,,
Tyringham,04/29/2020,<5,*,,,
Upton,04/29/2020,13,143.79,,,
Uxbridge,04/29/2020,51,330.88,,,
Wakefield,04/29/2020,210,777.64,,,
Wales,04/29/2020,<5,*,,,
Walpole,04/29/2020,178,687.24,,,
Waltham,04/29/2020,748,1122.12,,,
Ware,04/29/2020,15,147.95,,,
Wareham,04/29/2020,115,480.15,,,
Warren,04/29/2020,6,110.66,,,
Warwick,04/29/2020,0,0,,,
Washington,04/29/2020,<5,*,,,
Watertown,04/29/2020,273,822.97,,,
Wayland,04/29/2020,59,444.21,,,
Webster,04/29/2020,75,436.27,,,
Wellesley,04/29/2020,187,628.9,,,
Wellfleet,04/29/2020,<5,*,,,
Wendell,04/29/2020,0,0,,,
Wenham,04/29/2020,12,230.5,,,
West Boylston,04/29/2020,26,331.2,,,
West Bridgewater,04/29/2020,65,896.86,,,
West Brookfield,04/29/2020,10,269.57,,,
West Newbury,04/29/2020,5,122.5,,,
West Springfield,04/29/2020,217,736.66,,,
West Stockbridge,04/29/2020,<5,*,,,
West Tisbury,04/29/2020,7,242.81,,,
Westborough,04/29/2020,209,1109.21,,,
Westfield,04/29/2020,344,827.35,,,
Westford,04/29/2020,115,496.99,,,
Westhampton,04/29/2020,<5,*,,,
Westminster,04/29/2020,14,190.94,,,
Weston,04/29/2020,80,721.13,,,
Westport,04/29/2020,43,258.35,,,
Westwood,04/29/2020,82,556.33,,,
Weymouth,04/29/2020,504,898.98,,,
Whately,04/29/2020,<5,*,,,
Whitman,04/29/2020,124,804.16,,,
Wilbraham,04/29/2020,115,790.79,,,
Williamsburg,04/29/2020,8,324.3,,,
Williamstown,04/29/2020,79,1072.1,,,
Wilmington,04/29/2020,241,988.79,,,
Winchendon,04/29/2020,51,474.57,,,
Winchester,04/29/2020,76,340.44,,,
Windsor,04/29/2020,0,0,,,
Winthrop,04/29/2020,167,886.07,,,
Woburn,04/29/2020,344,829.1,,,
Worcester,04/29/2020,2284,1190.4,,,
Worthington,04/29/2020,0,0,,,
Wrentham,04/29/2020,120,1064.35,,,
Yarmouth,04/29/2020,65,270.57,,,
Unknown,04/29/2020,446,*,,,
State,04/29/2020,60265,865.03,,,